JOOMLA LINK,GROUP NAME
https://www.sib.swiss/training-group,/training group
https://www.sib.swiss/national-network/groups-and-group-leaders,/national network/groups and group leaders
https://www.sib.swiss/national-network/focus-groups,/national network/focus groups
https://www.sib.swiss/christian-ahrens-group,/christian ahrens group
https://www.sib.swiss/maria-anisimova-group,/maria anisimova group
https://www.sib.swiss/roman-arguello-group,/roman arguello group
https://www.sib.swiss/katja-baerenfaller-group,/katja baerenfaller group
https://www.sib.swiss/amos-bairoch-lydie-lane-group,/amos bairoch lydie lane group
https://www.sib.swiss/claudia-bank-group,/claudia bank group
https://www.sib.swiss/michael-baudis-group,/michael baudis group
https://www.sib.swiss/niko-beerenwinkel-group,/niko beerenwinkel group
https://www.sib.swiss/pedro-beltrao-group,/pedro beltrao group
https://www.sib.swiss/sven-bergmann-group,/sven bergmann group
https://www.sib.swiss/anne-florence-bitbol-group,/anne florence bitbol group
https://www.sib.swiss/valentina-boeva-group,/valentina boeva group
https://www.sib.swiss/remy-bruggmann-group,/remy bruggmann group
https://www.sib.swiss/marija-buljan-group,/marija buljan group
https://www.sib.swiss/luciano-cascione-group,/luciano cascione group
https://www.sib.swiss/andrea-cavalli-group,/andrea cavalli group
https://www.sib.swiss/bastien-chopard-group,/bastien chopard group
https://www.sib.swiss/giovanni-ciriello-group,/giovanni ciriello group
https://www.sib.swiss/bruno-correia-group,/bruno correia group
https://www.sib.swiss/katrin-crameri-group,/katrin crameri group
https://www.sib.swiss/matteo-dal-peraro-group,/matteo dal peraro group
https://www.sib.swiss/olivier-delaneau-group,/olivier delaneau group
https://www.sib.swiss/bart-deplancke-group,/bart deplancke group
https://www.sib.swiss/christophe-dessimoz-natasha-glover-group,/christophe dessimoz natasha glover group
https://www.sib.swiss/xavier-deupi-group,/xavier deupi group
https://www.sib.swiss/laurent-excoffier-group,/laurent excoffier group
https://www.sib.swiss/laurent-falquet-group,/laurent falquet group
https://www.sib.swiss/jacques-fellay-group,/jacques fellay group
https://www.sib.swiss/francesco-gervasio-group,/francesco gervasio group
https://www.sib.swiss/david-gfeller-group,/david gfeller group
https://www.sib.swiss/gaston-gonnet-group,/gaston gonnet group
https://www.sib.swiss/raphael-gottardo-group,/raphael gottardo group
https://www.sib.swiss/jerome-goudet-group,/jerome goudet group
https://www.sib.swiss/dagmar-iber-group,/dagmar iber group
https://www.sib.swiss/robert-ivanek-group,/robert ivanek group
https://www.sib.swiss/abdullah-kahraman-group,/abdullah kahraman group
https://www.sib.swiss/zoltan-kutalik-group,/zoltan kutalik group
https://www.sib.swiss/frederique-lisacek-group,/frederique lisacek group
https://www.sib.swiss/luisier-raphaelle-group,/luisier raphaelle group
https://www.sib.swiss/anna-sapfo-malaspinas-group,/anna sapfo malaspinas group
https://www.sib.swiss/christian-mazza-group,/christian mazza group
https://www.sib.swiss/olivier-michielin-vincent-zoete-group,/olivier michielin vincent zoete group
https://www.sib.swiss/enkelejda-miho-group,/enkelejda miho group
https://www.sib.swiss/michel-milinkovitch-group,/michel milinkovitch group
https://www.sib.swiss/sara-mitri-group,/sara mitri group
https://www.sib.swiss/richard-neher-group,/richard neher group
https://www.sib.swiss/charlotte-ng-group,/charlotte ng group
https://www.sib.swiss/christian-panse-group,/christian panse group
https://www.sib.swiss/joshua-payne-group,/joshua payne group
https://www.sib.swiss/carlos-andres-pena-reyes-group,/carlos andres pena reyes group
https://www.sib.swiss/patrick-pedrioli-bernd-wollscheid-group,/patrick pedrioli bernd wollscheid group
https://www.sib.swiss/igor-pivkin-group,/igor pivkin group
https://www.sib.swiss/gunnar-raetsch-group,/gunnar raetsch group
https://www.sib.swiss/hubert-rehrauer-group,/hubert rehrauer group
https://www.sib.swiss/marcel-riedi-group,/marcel riedi group
https://www.sib.swiss/fabio-rinaldi-group,/fabio rinaldi group
https://www.sib.swiss/bernd-rinn-group,/bernd rinn group
https://www.sib.swiss/mark-robinson-group,/mark robinson group
https://www.sib.swiss/marc-robinson-rechavi-group,/marc robinson rechavi group
https://www.sib.swiss/patrick-ruch-group,/patrick ruch group
https://www.sib.swiss/frederic-schuetz-group,/frederic schuetz group
https://www.sib.swiss/torsten-schwede-group,/torsten schwede group
https://www.sib.swiss/torsten-schwede-thierry-sengstag-group,/torsten schwede thierry sengstag group
https://www.sib.swiss/daniele-silvestro-group,/daniele silvestro group
https://www.sib.swiss/berend-snijder-group,/berend snijder group
https://www.sib.swiss/michael-stadler-group,/michael stadler group
https://www.sib.swiss/tanja-stadler-group,/tanja stadler group
https://www.sib.swiss/daniel-stekhoven-group,/daniel stekhoven group
https://www.sib.swiss/joerg-stelling-group,/joerg stelling group
https://www.sib.swiss/shinichi-sunagawa-group,/shinichi sunagawa group
https://www.sib.swiss/erik-van-nimwegen-group,/erik van nimwegen group
https://www.sib.swiss/julia-vogt-group,/julia vogt group
https://www.sib.swiss/christian-von-mering-group,/christian von mering group
https://www.sib.swiss/andreas-wagner-group,/andreas wagner group
https://www.sib.swiss/robert-waterhouse-group,/robert waterhouse group
https://www.sib.swiss/daniel-wegmann-group,/daniel wegmann group
https://www.sib.swiss/bernd-wollscheid-group,/bernd wollscheid group
https://www.sib.swiss/mihaela-zavolan-group,/mihaela zavolan group
https://www.sib.swiss/evgeny-zdobnov-group,/evgeny zdobnov group
https://www.sib.swiss/andreas-ziegler-group,/andreas ziegler group
https://www.sib.swiss/vincent-zoete-group,/vincent zoete group
https://www.sib.swiss/vincent-zoete-olivier-michielin-group,/vincent zoete olivier michielin group
,https://www.sib.swiss/national network/groups and group leaders?rCH=2
